cluster,cluster_name,customers,total_revenue,avg_revenue,avg_frequency,avg_recency
0,Regular Customers,2053,3118363.834,1518.9302649780807,4.51680467608378,117.24159766195811
1,High-Value Loyal Customers,2051,769954.012,375.4041989273525,1.5021940516821062,350.5051194539249
2,Wholesale Buyers,413,1326055.7310000001,3210.7886949152544,3.8401937046004844,242.2397094430993
3,Inactive / At-Risk Customers,764,9073034.879,11875.700103403142,21.469895287958114,45.85471204188482
