cluster,cluster_name,customers,total_revenue,avg_revenue,avg_frequency,avg_recency
0,Regular Customers,2607,3131620.886,1201.2354760260837,3.84234752589183,89.53816647487534
1,High-Value Loyal Customers,1079,12135694.389,11247.168108433736,20.6339202965709,41.291936978683964
2,Wholesale Buyers,445,1729449.642,3886.40368988764,4.202247191011236,231.43595505617978
3,Inactive / At-Risk Customers,1747,746664.261,427.397974241557,1.613050944476245,455.97137950772753
